day_of_week,avg_steps,avg_calories,avg_sedentary_mins
Monday,7118.588235294118,2252.8676470588234,1032.8529411764705
Tuesday,4914.917808219178,1742.4246575342465,850.2465753424658
Wednesday,7510.708333333333,2377.4583333333335,1011.0625
Thursday,6847.083333333333,2297.8125,1055.0625
Friday,6737.561643835616,2313.5479452054797,1054.7123287671234
Saturday,7089.7733333333335,2277.5866666666666,976.6266666666667
Sunday,6058.013888888889,2167.597222222222,1015.6527777777778
